TID,AID,CID,URL,TYPE
1,1,1,http://lovesphotoalbum.com/wp-content/uploads/2013/09/Small-Cobblestone-Street-In-Philly.jpg,photo
1,1,2,http://upload.wikimedia.org/wikipedia/commons/5/5c/Philly_Street_Commons.jpg,photo
1,1,3,http://home.comcast.net/~m.chitty/philadelphia2011june%20026.JPG,photo
1,1,4,http://hiddencityphila.org/wp-content/uploads/2013/11/dsc_0025.jpeg,photo
1,1,5,http://www.metromba.com/wp-content/uploads/2013/02/la-salle-library-Audrey-Wiki.jpg,photo
4,4,16,http://www.sjsu.edu/housingoptions/pics/campus-housing.jpg,photo
4,4,17,http://www.sjsu.edu/housingoptions/pics/housing_220.jpg,photo
4,4,18,http://www.sjsu.edu/housingoptions/pics/international_house_220.jpg,photo
4,4,19,http://www.sjsu.edu/housingoptions/pics/downtown_220.jpg,photo
4,4,20,http://www.aa.com/content/images/production/marketing-headers/san-jose-del-cabo-destination.jpg,photo
2,2,6,https://www.landegode.com/media/k2/items/cache/62fb5f1024529266c6e71c0c0c9ddb3c_XL.jpg,photo
2,2,7,http://manseekingcoffee.com/wp-content/uploads/2010/03/sprucestreetfront-e1269060582373.jpg,photo
2,2,8,http://manseekingcoffee.com/wp-content/uploads/2010/03/sprucestreetbar-e1269060644898.jpg,photo
2,2,9,http://manseekingcoffee.com/wp-content/uploads/2010/03/sprucestreetespresso-e1269060764570.jpg,photo
2,2,10,http://www.gourmet.com/images/restaurants/2009/09/rs-street-food-philadelphia-608.jpg,photo
3,3,11,http://cdn1.buuteeq.com/upload/16449/100_0567.JPG.737x248_default.JPG,photo
3,3,12,http://cdn1.buuteeq.com/upload/16449/100-04071.JPG.250x187_default.JPG,photo
3,3,13,http://cdn1.buuteeq.com/upload/16449/100_0049.JPG.250x187_default.JPG,photo
3,3,14,http://cdn1.buuteeq.com/upload/16449/dinner-meal-jan-2014.JPG.250x187_default.JPG,photo
3,3,15,http://www.unforgettablehoneymoons.com/uploads/packages/packages_33_image_lg.jpg,photo
5,5,21,http://jessexplainsitall.com/wp-content/uploads/2013/09/love-raleigh.jpg,photo
5,5,22,http://jessexplainsitall.com/wp-content/uploads/2013/09/five-points.jpg,photo
5,5,23,http://jessexplainsitall.com/wp-content/uploads/2013/09/gboro-art-walker-st.jpg,photo
5,5,24,http://jessexplainsitall.com/wp-content/uploads/2013/09/NC-sign.jpg,photo
5,5,25,http://www.flatgrassblog.com/wp-content/uploads/2009/01/1-plumbing-supplies-going-in-the-hole.jpg,photo
100,1,1,http://img.ivsky.com/img/tupian/pre/201411/04/haishui_haitan-011.jpg,photo
100,1,2,http://img.ivsky.com/img/tupian/pre/201411/04/haishui_haitan-001.jpg,photo
100,1,3,http://img.ivsky.com/img/tupian/pre/201411/04/haishui_haitan-002.jpg,photo
100,1,4,http://img.ivsky.com/img/tupian/pre/201411/04/haishui_haitan-003.jpg,photo
100,1,5,http://img.ivsky.com/img/tupian/pre/201411/04/haishui_haitan-004.jpg,photo
400,4,16,http://img.ivsky.com/img/tupian/pre/201411/04/haishui_haitan-004.jpg,photo
400,4,17,http://img.ivsky.com/img/tupian/pre/201411/04/haishui_haitan-005.jpg,photo
400,4,18,http://img.ivsky.com/img/tupian/pre/201411/04/haishui_haitan-006.jpg,photo
400,4,19,http://img.ivsky.com/img/tupian/pre/201411/04/haishui_haitan-007.jpg,photo
400,4,20,http://img.ivsky.com/img/tupian/pre/201411/04/haishui_haitan-008.jpg,photo
500,5,21,http://img.ivsky.com/img/tupian/pre/201411/04/haishui_haitan-009.jpg,photo
500,5,22,http://img.ivsky.com/img/tupian/pre/201411/04/haishui_haitan-010.jpg,photo
500,5,23,http://img.ivsky.com/img/tupian/pre/201411/04/haishui_haitan-011.jpg,photo
500,5,24,http://img.ivsky.com/img/tupian/pre/201411/04/haishui_haitan-010.jpg,photo
500,5,25,http://img.ivsky.com/img/tupian/pre/201411/04/haishui_haitan-009.jpg,photo
301,3,11,http://img.ivsky.com/img/tupian/pre/201411/04/haishui_haitan-010.jpg,photo
301,3,12,http://img.ivsky.com/img/tupian/pre/201411/04/haishui_haitan-011.jpg,photo
301,3,13,http://img.ivsky.com/img/tupian/pre/201411/04/haishui_haitan-001.jpg,photo
301,3,14,http://img.ivsky.com/img/tupian/pre/201411/04/haishui_haitan-002.jpg,photo
301,3,15,http://img.ivsky.com/img/tupian/pre/201411/04/haishui_haitan-003.jpg,photo
208,2,6,http://img.ivsky.com/img/tupian/pre/201411/04/haishui_haitan-005.jpg,photo
208,2,7,http://img.ivsky.com/img/tupian/pre/201411/04/haishui_haitan-006.jpg,photo
208,2,8,http://img.ivsky.com/img/tupian/pre/201411/04/haishui_haitan-007.jpg,photo
208,2,9,http://img.ivsky.com/img/tupian/pre/201411/04/haishui_haitan-008.jpg,photo
208,2,10,http://img.ivsky.com/img/tupian/pre/201411/04/haishui_haitan-009.jpg,photo
307,4,3,http://tinyurl.com/n9avfzg,photo
307,5,4,http://tinyurl.com/l8monox,photo
110,1,1,http://tinyurl.com/qbstpx3,photo
4001,1,2,http://www.pachd.com/free-images/nature-images/sunset-04.jpg,photo
4001,1,3,http://www.pachd.com/free-images/nature-images/nature-04.jpg,photo
4001,1,4,http://www.pachd.com/free-images/nature-images/nature-09.jpg,photo
4001,1,5,http://www.pachd.com/free-images/nature-images/nature-10.jpg,photo
4001,1,1,http://www.pachd.com/free-images/nature-images/nature-01.jpg,photo
4003,3,11,http://www.pachd.com/free-images/nature-images/nature-19.jpg,photo
4003,3,12,http://www.pachd.com/free-images/nature-images/nature-20.jpg,photo
4003,3,13,http://www.pachd.com/free-images/nature-images/nature-21.jpg,photo
4003,3,14,http://www.pachd.com/free-images/nature-images/nature-22.jpg,photo
4003,3,15,http://www.pachd.com/free-images/nature-images/nature-23.jpg,photo
4002,2,6,http://www.pachd.com/free-images/nature-images/nature-05.jpg,photo
4002,2,7,http://www.pachd.com/free-images/nature-images/nature-15.jpg,photo
4002,2,8,http://www.pachd.com/free-images/nature-images/nature-16.jpg,photo
4002,2,9,http://www.pachd.com/free-images/nature-images/nature-17.jpg,photo
4002,2,10,http://www.pachd.com/free-images/nature-images/nature-18.jpg,photo
4005,5,21,http://www.pachd.com/free-images/nature-images/nature-29.jpg,photo
4005,5,22,http://www.pachd.com/free-images/nature-images/nature-30.jpg,photo
4005,5,23,http://www.pachd.com/free-images/nature-images/nature-31.jpg,photo
4005,5,24,http://www.pachd.com/free-images/nature-images/nature-32.jpg,photo
4005,5,25,http://www.pachd.com/free-images/nature-images/nature-33.jpg,photo
5004,4,16,http://www.pachd.com/free-images/nature-images/nature-24.jpg,photo
5004,4,17,http://www.pachd.com/free-images/nature-images/nature-25.jpg,photo
5004,4,18,http://www.pachd.com/free-images/nature-images/nature-26.jpg,photo
5004,4,19,http://www.pachd.com/free-images/nature-images/nature-27.jpg,photo
5004,4,20,http://www.pachd.com/free-images/nature-images/nature-28.jpg,photo
109,1,1,bit.ly/12345,photo
109,1,2,bit.ly/2,photo
109,1,3,bit.ly/3,photo
109,1,4,bit.ly/4,photo
109,1,5,www.youtube.com/watch?v=dQw4w9WgXcQ,photo
27,2,6,bit.ly/6,photo
27,2,7,bit.ly/7,photo
27,2,8,bit.ly/8,photo
27,2,9,bit.ly/9,photo
27,2,10,bit.ly/10,photo
35,3,15,bit.ly/10229111115,photo
35,3,16,bit.ly/103299,photo
35,3,17,bit.ly/103257,photo
35,3,18,bit.ly/5000055,photo
35,3,19,bit.ly/nonexistent,photo
41,4,20,bit.ly/10221,photo
41,4,21,bit.ly/102232491,photo
41,4,22,bit.ly/12491,photo
41,4,23,bit.ly/1032232491,photo
41,4,24,bit.ly/10223249991,photo
15,5,26,bit.ly/1022324291,photo
15,5,27,bit.ly/122491,photo
15,5,28,bit.ly/10322322491,photo
15,5,29,bit.ly/10223224491,photo
15,5,30,bit.ly/102232249991,photo
11,1,1,http://upload.wikimedia.org/wikipedia/commons/2/2b/GoraBeluha.jpg,photo
11,1,2,http://i.telegraph.co.uk/multimedia/archive/02625/mountain1_2625884k.jpg,photo
11,1,3,http://upload.wikimedia.org/wikipedia/commons/2/20/Red_Slate_Mountain_1.jpg,photo
11,1,4,http://upload.wikimedia.org/wikipedia/commons/d/d3/Tajik_mountains_edit.jpg,photo
11,1,5,http://www.mrwallpaper.com/wallpapers/mountains-scenery.jpg,photo
32,2,6,http://ichef.bbci.co.uk/naturelibrary/images/ic/credit/640x395/m/mo/mountain/mountain_1.jpg,photo
32,2,7,http://channel.nationalgeographic.com/exposure/content/photo/photo/50757_mountains-of-chile_u4otpkuoohegc34cxym6cgqbe3ncurxrbvj6lwuht2ya6mzmafma_610x457.jpg,photo
32,2,8,http://i.telegraph.co.uk/multimedia/archive/02423/london_2423609b.jpg,photo
32,2,9,http://srinistuff.files.wordpress.com/2014/08/london_nla_londonsgrowingupc2a9cpat-hayes-davidson-jason-hawkes.jpg,photo
32,2,10,http://libertychurchlondon.com/wp-content/uploads/2013/01/london1.jpg,photo
53,3,11,http://cdni.wired.co.uk/1920x1280/k_n/London_5.jpg,photo
53,3,12,http://web.fredonia.edu/iecmap/sites/default/files/images/city-of-London.jpg,photo
53,3,13,http://cache.graphicslib.viator.com/graphicslib/thumbs674x446/2050/SITours/eiffel-tower-paris-moulin-rouge-show-and-seine-river-cruise-in-paris-150305.jpg,photo
53,3,14,http://img4.wikia.nocookie.net/__cb20131213104910/disney/images/f/f6/Eiffel_Tower,_Paris.jpg,photo
53,3,15,http://oproimg-mdz.open-system.fr/boutique/otparis-museumpass/pcp/arc_600_390.jpg,photo
44,4,16,http://www.milanocard.it/wp-content/uploads/2014/03/Venezia-milano.jpg,photo
44,4,17,http://i.telegraph.co.uk/multimedia/archive/02370/Venice-winter_2370349b.jpg,photo
44,4,18,http://www.telegraph.co.uk/travel/destination/article129429.ece/ALTERNATES/w620/venicetravelguide5.jpg,photo
44,4,19,http://foundtheworld.com/wp-content/uploads/2014/07/Venice-Italy-3.jpg,photo
44,4,20,http://www.newjetsetters.com/wp-content/uploads/2013/06/Venice-at-Night.jpg,photo
55,5,21,http://www.topvisitplaces.com/wp-content/uploads/2014/02/rialto-bridge-venice-italy.jpg,photo
55,5,22,http://www.bmiregional.com/upload/milan.jpg,photo
55,5,23,http://cache.graphicslib.viator.com/graphicslib/media/68/cinque-terre-day-trip-from-milan-photo_1079656-fit468x296.jpg,photo
55,5,24,http://drupal.in-cdn.net/cdn/article/public/living_in_milan.jpg,photo
55,5,25,http://www.castanotours.com/images/info-milan4.jpg,photo
55,5,26,http://upload.wikimedia.org/wikipedia/commons/2/23/Hong_Kong_Skyline_Restitch_-_Dec_2007.jpg,photo
91,4,21,http://img4.wikia.nocookie.net/__cb20131213104910/disney/images/f/f6/Eiffel_Tower,_Paris.jpg,photo
91,4,22,http://worth1000.s3.amazonaws.com/submissions/10740500/10740751_5342_625x1000.jpg,photo
91,4,23,http://wac.450f.edgecastcdn.net/80450F/wkxzfm.com/files/2012/05/Rocket-Eiffel-Tower.jpg,photo
91,4,24,http://i.dailymail.co.uk/i/pix/2014/01/03/article-2533373-1A67496300000578-171_634x508.jpg,photo
91,4,25,http://photography.incyder.info/media/uploads/2013/02/forced-perspective-funny-photos-Flickr-benjaminasmith-2013-02-19-CC-BY-SA-2.0.jpg,photo
203,1,1,http://affairstoday.co.uk/wp-content/uploads/2014/09/Sunrise-in-Prague.jpg,photo
203,1,2,http://www.toimg.net/managed/images/10021443/image.jpg,photo
203,1,6,http://ibfm2014.org/pictures/big/Prague_sunrise_(8099151633.jpg,photo
203,1,7,http://www.maierandmaierphotography.com/wp-content/uploads/2013/03/astronomical-clock-prague-czech-republic.jpg,photo
203,1,8,https://www.youtube.com/watch?v=ZVNGtB0NMy8,video
5350,5,10,http://www.purpletravel.co.uk/images/destinations/462-Cape_Verde/Cape_Verde_Cheap_holidays_with_PurpleTravel_11.jpg,photo
5350,5,11,http://newmedia.thomson.co.uk/live/vol/0/6ab03ca2d33770e0b8a1b0eadaa59b10a326b86f/1080x608/web/AFRICACAPEVERDECAPEVERDEISLANDSBOAVISTARES_004235ROYALDECAMERONBOAVISTA.jpg,photo
5350,5,12,http://www.charterflights.co.uk/assets/countries/440x280/35/3992876195.jpg,photo
5350,5,13,http://www.cvlifestyle.com/1/wp-content/uploads/maio_praia_Cape-Verde-Wallpaper.jpg,photo
5350,5,14,http://www.divereport.com/assets/Uploads/location-photos/5595972322765335822771048895529n.jpg,photo
28,1,1001,http://affairstoday.co.uk/wp-content/uploads/2014/09/Sunrise-in-Prague.jpg,photo
28,1,1002,http://www.toimg.net/managed/images/10021443/image.jpg,photo
28,1,1006,http://ibfm2014.org/pictures/big/Prague_sunrise_(8099151633.jpg,photo
28,1,1007,http://www.maierandmaierphotography.com/wp-content/uploads/2013/03/astronomical-clock-prague-czech-republic.jpg,photo
28,1,1008,https://www.youtube.com/watch?v=ZVNGtB0NMy8,photo
57,5,710,http://www.purpletravel.co.uk/images/destinations/462-Cape_Verde/Cape_Verde_Cheap_holidays_with_PurpleTravel_11.jpg,photo
57,5,711,http://newmedia.thomson.co.uk/live/vol/0/6ab03ca2d33770e0b8a1b0eadaa59b10a326b86f/1080x608/web/AFRICACAPEVERDECAPEVERDEISLANDSBOAVISTARES_004235ROYALDECAMERONBOAVISTA.jpg,photo
57,5,512,http://www.charterflights.co.uk/assets/countries/440x280/35/3992876195.jpg,photo
57,5,513,http://www.cvlifestyle.com/1/wp-content/uploads/maio_praia_Cape-Verde-Wallpaper.jpg,photo
57,5,514,http://www.divereport.com/assets/Uploads/location-photos/5595972322765335822771048895529n.jpg,photo
59,5,101,http://www.purpletravel.co.uk/images/destinations/462-Cape_Verde/Cape_Verde_Cheap_holidays_with_PurpleTravel_11.jpg,photo
59,5,111,http://newmedia.thomson.co.uk/live/vol/0/6ab03ca2d33770e0b8a1b0eadaa59b10a326b86f/1080x608/web/AFRICACAPEVERDECAPEVERDEISLANDSBOAVISTARES_004235ROYALDECAMERONBOAVISTA.jpg,photo
59,5,112,http://www.charterflights.co.uk/assets/countries/440x280/35/3992876195.jpg,photo
59,5,713,http://www.cvlifestyle.com/1/wp-content/uploads/maio_praia_Cape-Verde-Wallpaper.jpg,photo
59,5,714,http://www.divereport.com/assets/Uploads/location-photos/5595972322765335822771048895529n.jpg,photo
555,5,210,http://www.purpletravel.co.uk/images/destinations/462-Cape_Verde/Cape_Verde_Cheap_holidays_with_PurpleTravel_11.jpg,photo
555,5,211,http://newmedia.thomson.co.uk/live/vol/0/6ab03ca2d33770e0b8a1b0eadaa59b10a326b86f/1080x608/web/AFRICACAPEVERDECAPEVERDEISLANDSBOAVISTARES_004235ROYALDECAMERONBOAVISTA.jpg,photo
555,5,212,http://www.charterflights.co.uk/assets/countries/440x280/35/3992876195.jpg,photo
555,5,213,http://www.cvlifestyle.com/1/wp-content/uploads/maio_praia_Cape-Verde-Wallpaper.jpg,photo
555,5,214,http://www.divereport.com/assets/Uploads/location-photos/5595972322765335822771048895529n.jpg,photo
503,5,310,http://www.purpletravel.co.uk/images/destinations/462-Cape_Verde/Cape_Verde_Cheap_holidays_with_PurpleTravel_11.jpg,photo
503,5,311,http://newmedia.thomson.co.uk/live/vol/0/6ab03ca2d33770e0b8a1b0eadaa59b10a326b86f/1080x608/web/AFRICACAPEVERDECAPEVERDEISLANDSBOAVISTARES_004235ROYALDECAMERONBOAVISTA.jpg,photo
503,5,312,http://www.charterflights.co.uk/assets/countries/440x280/35/3992876195.jpg,photo
503,5,813,http://www.cvlifestyle.com/1/wp-content/uploads/maio_praia_Cape-Verde-Wallpaper.jpg,photo
503,5,814,http://www.divereport.com/assets/Uploads/location-photos/5595972322765335822771048895529n.jpg,photo
105,1,1,http://triathlonquebec.objectif226.ca/wp-content/uploads/2012/03/2014.jpg,photo
105,1,2,http://media-cdn.tripadvisor.com/media/photo-s/05/27/cc/bc/place-jacques-cartier.jpg,photo
105,1,3,http://upload.wikimedia.org/wikipedia/commons/d/d7/Universit%C3%A9_de_Montr%C3%A9al.JPG,photo
105,1,4,http://media.expedia.com/media/content/shared/images/travelguides/destination/178288/Montreal-48957.jpg,photo
105,1,5,http://images.nationalgeographic.com/wpf/media-live/photos/000/544/cache/montreal-notre-dame_54459_600x450.jpg,photo
217,2,6,http://upload.wikimedia.org/wikipedia/commons/3/39/NYC_Top_of_the_Rock_Pano.jpg,photo
217,2,7,http://i.huffpost.com/gen/1151206/thumbs/o-ANTI-GAY-ATTACKS-NEW-YORK-facebook.jpg,photo
217,2,8,http://graphics8.nytimes.com/images/2011/07/03/travel/03checkin_span/03checkin_span-articleLarge.jpg,photo
217,2,9,https://www.youtube.com/watch?v=Nsec4hWZz2M,video
217,2,10,http://www.nyhabitat.com/blog/wp-content/uploads/2012/06/fireworks-new-york-brooklyn-macys-july-4th-nyc.jpg,photo
309,3,11,http://www.keralatourskerala.com/gifs/kerala-tours3.jpg,photo
309,3,12,http://www.bargaintravel4u.co.uk/assets/kerala-holidays_2.jpg,photo
309,3,13,http://main.orangetrips.com/wordpress/wp-content/uploads/2013/06/keralatreehouse2.jpg,photo
309,3,14,http://images.boomsbeat.com/data/images/full/2648/32-jpg.jpg,photo
309,3,15,http://planetden.com/wp-content/uploads/2014/03/taj11.jpg,photo
415,4,16,http://2.bp.blogspot.com/-nxEBRLkWghw/URi76xnKL2I/AAAAAAAAMoQ/0dw7rsG_tFA/s1600/Blue+Mosques+in+Turkey.jpg,photo
415,4,17,http://universityi.com/wp-content/uploads/2012/09/turkey-country-turciya.jpg,photo
415,4,18,http://www.smartsailing.org/images/galeri/marmaris/marmaris%20(5).jpg,photo
415,4,19,http://www.travelingmyself.com/wp-content/uploads/2013/09/Facts-About-Turkey-Country-Demre-in-Antalya-600x450.jpg,photo
415,4,20,https://www.youtube.com/watch?v=wyrRjq7Tj8s,video
535,5,21,http://www.anpc.com/wp-content/uploads/2012/10/antarctica-travel-holiday-wallpapers_88.jpg,photo
535,5,22,http://i.telegraph.co.uk/multimedia/archive/02642/antarctica_2642820b.jpg,photo
535,5,23,http://www.nathab.com/uploaded-files/carousels/TRIPS/Antarctica-Falklands/Antarctica-Falklands-South-Georgia-humpback.jpg,photo
535,5,24,http://www.nhm.ac.uk/resources-rx/images/1008/adelie-penguins_107750_1.jpg,photo
535,5,25,http://i.telegraph.co.uk/multimedia/archive/02192/penguins-camera_2192455k.jpg,photo
147,1,1,http://www.thousandwonders.net/Rocky+Mountain+National+Park,photo
147,1,2,https://encrypted-tbn0.gstatic.com/images?q=tbn:ANd9GcToDgINPQGXjqw77p6jsTmI7iBHhW7q4b9tv_LpdN1qnN19Vner,photo
147,1,3,https://encrypted-tbn2.gstatic.com/images?q=tbn:ANd9GcQbcI4WYMoVSPek2cX1UuEJIyVlqRDFBOjkT_1clQlCaQ0SDf1xmw,photo
147,1,4,https://encrypted-tbn1.gstatic.com/images?q=tbn:ANd9GcSbZ2T8tKhHcPEMJ5ZeUbMeQFLrhpP6LYeEh1wHVT6IJoy1tnblzg,photo
147,1,5,https://encrypted-tbn3.gstatic.com/images?q=tbn:ANd9GcSCOXhDWG2_3uU8r1cbtDx_EIDa2qRbcqeHHHY1Cza0wJJ1gdER,photo
286,2,6,http://upload.wikimedia.org/wikipedia/commons/d/dc/Skyscrapers_of_Shinjuku_2009_January_(revised).jpg,photo
286,2,7,http://www.lawlormediagroup.com/wp-content/uploads/Tokyo-Skytree1.jpg,photo
286,2,8,http://www.seejapan.co.uk/Libraries/New_Site_Images/TOKYO-SKYTREE-credit-to-_c.sflb.ashx,photo
286,2,9,http://cache.graphicslib.viator.com/graphicslib/destination/tokyo-168353.jpg,photo
286,2,10,https://encrypted-tbn2.gstatic.com/images?q=tbn:ANd9GcTElvAUxfCzD2gyYF7RUZ4wMBkqA0_xjlisWWjX3gIauQ7tHvmRGQ,photo
38,3,11,http://lerablog.org/wp-content/uploads/2013/05/alaska-mountains.jpg,photo
38,3,12,http://d1jqu7g1y74ds1.cloudfront.net/wp-content/uploads/2014/03/IMG_0825lrweb.jpg,photo
38,3,13,http://www.alaska-travel.net/Alaska-slides/fullsize/Alaska-Railroad.jpg,photo
38,3,14,https://encrypted-tbn3.gstatic.com/images?q=tbn:ANd9GcQW3x0aCmkl2zthiXOQ90Ghu6wFX-5ffgM4AERWmByVg3A1a7gE,photo
38,3,15,https://encrypted-tbn2.gstatic.com/images?q=tbn:ANd9GcQa2-_WgFVtQ51u2Pijjgd-oUgDZjzDVaXA7yYuobL1jbpKzrhx,photo
49,4,16,http://www.palladiumdiscoverypromo.com/wp-content/uploads/2014/04/Caribbean-Sea-Beach.jpg,photo
49,4,17,http://hdwallpaper.freehdw.com/0002/nature-landscapes_hdwallpaper_crystal-clear-caribbean-sea_19142.jpg,photo
49,4,18,https://encrypted-tbn3.gstatic.com/images?q=tbn:ANd9GcSfCkwhYrjwVmaBsE7I6ak4xYfcoDX8eVSlidmzXV0BRubitvsyzw,photo
49,4,19,http://www.hoayachting.com/yacht-charter-destinations/images/Caribbean%20Sea-20-164.jpg,photo
49,4,20,http://www.hoayachting.com/yacht-charter-destinations/images/Caribbean%20Sea-20-158.jpg,photo
50,5,21,http://www.natcom.org/uploadedImages/More_Scholarly_Resources/Doctoral_Program_Resource_Guide/UPenn%20Campus.jpg,photo
50,5,22,http://upload.wikimedia.org/wikipedia/commons/c/c2/Quadrangle_Building_at_the_University_of_Pennsylvania.jpg,photo
50,5,23,http://www.atmtxphoto.com/Portfolio/Pennsylvania/i-5rGjCvj/0/L/phila-pa-penn-furness-library-1-L.jpg,photo
50,5,24,https://c2.staticflickr.com/4/3252/5740136095_a388a516af_z.jpg,photo
50,5,25,http://www.mappery.com/maps/University-of-Pennsylvania-3D-campus-map.jpg,photo
142,1,1,www.dummy.com/u3lsjf,photo
142,1,3,www.parisman.com,photo
142,1,4,www.pariskid.com,photo
142,1,5,www.dummy.com/fdgdf,photo
142,1,6,www.paris-tourism.com/fdsfs,photo
26,2,2,www.dummy.com/f23f,photo
26,2,7,www.amsterdam-cool.com/fdsfsfs,photo
26,2,8,www.dummy.com/34ds,photo
26,2,9,www.dfsfs.com/dsfs,photo
26,2,10,www.rent-amsterdam.com/poofds,photo
36,3,11,www.ozu-flicks.com/img/ozu_smooth_jazz,photo
36,3,12,www.my-tokyo-trip.com/my-pink-bento,photo
36,3,13,www.rightstufff.com/akibatrip,photo
36,3,14,www.dummy.com/twewy,photo
36,3,4015,www.dummy.com/akba,photo
412,4,16,www.brgues.com/fsdfs,photo
412,4,17,www.dummy.com/frrel,photo
412,4,18,www.dummy.com/belfty,photo
412,4,19,www.dummy.com/i-film-movies,photo
412,4,20,www.dummy.com/actor,photo
509,5,21,www.dummy.com/cow,photo
509,5,22,www.vnp.com/vid-news-prod,photo
509,5,23,www.dummy.com/homeboy,photo
509,5,24,www.dummy.com/cctus,photo
509,5,25,www.dummy.com/dummy,photo
133,1,1,https://spencerwade.files.wordpress.com/2013/02/a25.jpg,photo
133,1,2,https://spencerwade.files.wordpress.com/2013/02/a25.jpg,photo
133,1,3,https://spencerwade.files.wordpress.com/2013/02/a25.jpg,photo
133,1,4,https://spencerwade.files.wordpress.com/2013/02/a25.jpg,photo
133,1,5,https://spencerwade.files.wordpress.com/2013/02/a25.jpg,photo
9211,2,6,https://spencerwade.files.wordpress.com/2013/02/a25.jpg,photo
9211,2,7,https://spencerwade.files.wordpress.com/2013/02/a25.jpg,photo
9211,2,8,https://spencerwade.files.wordpress.com/2013/02/a25.jpg,photo
9211,2,9,https://spencerwade.files.wordpress.com/2013/02/a25.jpg,photo
9211,2,10,https://spencerwade.files.wordpress.com/2013/02/a25.jpg,photo
369,3,11,https://spencerwade.files.wordpress.com/2013/02/a25.jpg,photo
369,3,12,https://spencerwade.files.wordpress.com/2013/02/a25.jpg,photo
369,3,13,https://spencerwade.files.wordpress.com/2013/02/a25.jpg,photo
369,3,14,https://spencerwade.files.wordpress.com/2013/02/a25.jpg,photo
369,3,15,https://spencerwade.files.wordpress.com/2013/02/a25.jpg,photo
407,4,16,https://spencerwade.files.wordpress.com/2013/02/a25.jpg,photo
407,4,17,https://spencerwade.files.wordpress.com/2013/02/a25.jpg,photo
407,4,18,https://spencerwade.files.wordpress.com/2013/02/a25.jpg,photo
407,4,19,https://spencerwade.files.wordpress.com/2013/02/a25.jpg,photo
407,4,20,https://spencerwade.files.wordpress.com/2013/02/a25.jpg,photo
765,5,21,https://spencerwade.files.wordpress.com/2013/02/a25.jpg,photo
765,5,22,https://spencerwade.files.wordpress.com/2013/02/a25.jpg,photo
765,5,23,https://spencerwade.files.wordpress.com/2013/02/a25.jpg,photo
765,5,24,https://spencerwade.files.wordpress.com/2013/02/a25.jpg,photo
765,5,25,https://spencerwade.files.wordpress.com/2013/02/a25.jpg,photo
290,2,6,http://www.ocfrealty.com/wp-content/uploads/2011/06/BlindPig1-560x350.jpg,photo
290,2,7,http://www.qatar.northwestern.edu/images/carousels/C-Doha.png,photo
290,2,8,http://i.imgur.com/jnXMXxs.jpg,photo
290,2,9,http://www.kathyloperevents.com/kilimanjaro/images/v031108.jpg,photo
290,2,10,http://upload.wikimedia.org/wikipedia/commons/a/ae/Apra_Harbor.jpg,photo
112,1,1,http://www.brinker.com/images/ourstory/Presidente+Margarita+thumb.jpg,photo
112,1,2,http://img.groundspeak.com/waymarking/display/204eb7bd-14cd6-414145-8360-837cc573f818.JPG,photo
112,1,3,http://s3-media1.fl.yelpcdn.com/bphoto/ahfqXk0wJ5bph2N73RBs4Q/ls.jpg,photo
112,1,4,http://www.blogcdn.com/www.dailyfinance.com/media/2013/01/starbucks--435cs013013.jpg,photo
112,1,5,http://i.imgur.com/ZlJMPm0.jpg,photo
511,5,21,http://farm1.static.flickr.com/56/151382996_52a5033111_m.jpg,photo
511,5,22,http://www.lambdachiwjc.org/pictures/lca_house.jpg,photo
511,5,23,http://upload.wikimedia.org/wikipedia/commons/6/66/Baristas_first_starbucks.jpg,photo
511,5,24,http://momdoesreviews.katsmediaandmore.netdna-cdn.com/wp-content/uploads/2014/02/chilis_large.jpg,photo
511,5,25,http://www.kyforward.com/wp-content/uploads/2013/07/Paris-Antiques-Gallery-District-by-Bobby-Shiflet_DSC0714-LR_440.jpg,photo
333,3,11,https://militarytravelexchange.com/blog/wp-content/uploads/2014/03/Guam-Beach.jpg,photo
333,3,12,http://www.destination360.com/australia-south-pacific/guam/images/s/guam-overview.jpg,photo
333,3,13,http://farm3.static.flickr.com/2271/2334042433_78daa1ebcb.jpg,photo
333,3,14,http://i.imgur.com/zk9Oalh.jpg,photo
333,3,15,http://i.imgur.com/1nkEy2p.jpg,photo
77,4,16,http://s3-media4.fl.yelpcdn.com/bphoto/JWQNaj0AYDmmoNCdxyoA1g/ls.jpg,photo
77,4,17,http://cdn.phillymag.com/wp-content/uploads/2014/06/wawa-robbed-sandwiches-philadelphia.jpg,photo
77,4,18,http://www.facilities.upenn.edu/sites/default/files/styles/maplocation_640x400px/public/bi0555.jpg,photo
77,4,19,http://pennpunch.files.wordpress.com/2011/11/wawa-11.jpg,photo
77,4,20,http://news.regis.org/wp-content/uploads/2013/06/Regis_Graduation.jpg,photo
86,22,8,http://www.premierelimosf.com/files/817/236791.jpg,photo
86,22,9,Part=1,photo
86,22,10,http://zablogreb.likecroatia.hr/wp-content/uploads/2013/07/National-Lampoons-European-Vacation-national-lampoons-european-vacation-27237996-1024-669.jpg,photo
86,22,12,http://www.africadreamsafaris.com/blog/wp-content/uploads/2009/04/african-safari-april-22-2009_0001_layer-21.jpg,photo
86,22,13,http://www.jetblue.com/img/vacations/destination/Cancun-960-x-420.jpg,photo
90,55,17,http://www.glasbergen.com/wp-content/gallery/vacation-cartoons/vacation26.gif,photo
90,55,18,http://blog.iso50.com/wp-content/uploads/2009/07/iso50-vacation.jpg,photo
90,55,19,http://www.howdididoit.com/wp-content/uploads/2008/05/vacation-credit-card-savings.jpg,photo
90,55,5062,http://www.entrepreneur.com/dbimages/article/h1/vacation-4-steps-to-a-business-thrives-without-you.jpg,photo
90,55,8000,https://www.youtube.com/watch?v=oQONhRMHBTU,photo
991,11,5,http://www.icelandvacationguide.com/images/island13.jpg,photo
991,11,98,http://www.premierelimosf.com/files/817/236791.jpg,photo
991,11,7062,http://www.entrepreneur.com/dbimages/article/h1/vacation-4-steps-to-a-business-thrives-without-you.jpg,photo
991,11,8111,https://www.youtube.com/watch?v=oQONhRMHBTU,photo
991,11,8050,http://colorfulsouthamerica.com/Common/Images/Destinations/poas-volcano.jpg,photo
95,44,813,http://www.jetblue.com/img/vacations/destination/Cancun-960-x-420.jpg,photo
95,44,14,http://i2.cdn.turner.com/money/dam/assets/140730120927-employee-mandatory-vacation-620xa.jpg,photo
95,44,1715,http://www.crescentmag.com/wp-content/uploads/2013/08/original-summer-vacation-book-glasses-bookmark-sand-300x168.jpg,photo
95,44,16,http://images.bwbx.io/cms/2012-08-31/0831_lifestyle_vacation_630x420.jpg,photo
95,44,8765,https://www.youtube.com/watch?v=oQONhRMHBTU,photo
94,33,1,http://files.mom.me/photos/2013/06/19/6-46015-plane-1371685974.jpg,photo
94,33,2,http://primetimeresorts.net/wp-content/uploads/2013/01/bigstock-Family-On-Vacation-7507084.jpg,photo
94,33,15,http://www.crescentmag.com/wp-content/uploads/2013/08/original-summer-vacation-book-glasses-bookmark-sand-300x168.jpg,photo
94,33,1717,http://www.glasbergen.com/wp-content/gallery/vacation-cartoons/vacation26.gif,photo
94,33,1718,http://blog.iso50.com/wp-content/uploads/2009/07/iso50-vacation.jpg,photo
94,33,6035,http://indianapublicmedia.org/ethergame/files/2014/07/On-Vacation.jpg,photo
94,33,7040,https://www.youtube.com/watch?v=qF8wHQPq504,photo
92,2,13,http://upload.wikimedia.org/wikipedia/commons/2/20/Golden-Temple-Jan-07.jpg,photo
92,2,14,http://upload.wikimedia.org/wikipedia/commons/9/9c/Golden_Temple_India.jpg,photo
92,2,15,http://www.horizonholidays.co.in/images/golden-temple.jpg,photo
92,2,16,http://www.pushpinderbagga.com/wp-content/uploads/2010/06/The-Golden-Temple-Amritsar.jpg,photo
92,2,2,http://www.businessdestinations.com/wp-content/uploads/2013/12/Tokyo-Main-Image.jpg,photo
71,4,26,http://deangelisviaggi.it/wp-content/uploads/2014/09/roma.jpg,photo
71,4,22,http://i.imgur.com/8Dwm5Du.gif,photo
71,4,23,http://i.imgur.com/K8X9DJK.jpg,photo
71,4,24,http://i.imgur.com/oTYz1ym.jpg,photo
71,4,25,http://upload.wikimedia.org/wikipedia/commons/7/75/Collage_Rome.jpg,photo
71,5,5,http://thepalladiantraveler.files.wordpress.com/2013/02/la-dolce-vita-vatican-overlook.jpg,photo
71,5,6,http://www.chud.com/wp-content/uploads/2013/04/ladolcevita3.jpg,photo
71,5,7,http://www.sentierinelcinema.it/wp-content/uploads/2011/11/ottoemezzo.jpg,photo
71,5,3,http://www.sensesofcinema.com/wp-content/uploads/2010/02/la-dolce-vita2.jpg,photo
71,5,0,http://www.adaderana.lk/bizenglish/wp-content/uploads/Italyn.jpg,photo
71,5,4,http://altscreen.com/wp-content/uploads/2011/06/dolce-vita3.jpg,photo
73,3,8,http://1.bp.blogspot.com/-GVU1nggquIc/Thyyk21HtFI/AAAAAAAAFNE/RimEOo5MwDs/s1600/dasboot.jpg,photo
73,3,9,http://m.cdn.blog.hu/sm/smokingbarrels/image/Das_Boot.jpg,photo
73,3,10,http://www.ip-art.com/media/86365/das_boot.png,photo
73,3,11,http://www.writerscafe.org/uploads/stories/44a86d8b67fe79e19a5e7c40055f13db.jpg,photo
73,3,12,http://cinephilefix.files.wordpress.com/2011/04/das_boot-matte.jpg,photo
73,3,1,http://www.beerables.net/images/products/detail/SpatenBootGlass.jpg,photo
70,1,27,http://www.caesarspalace.com/content/dam/clv/Art/Caesars-Las-Vegas-Art-1.jpg,photo
70,1,28,http://upload.wikimedia.org/wikipedia/commons/0/03/Caesars_Palace_-_Across_Bellagio_Lake.jpg,photo
70,1,29,http://www.atmtxphoto.com/Portfolio/Nevada/i-DVb7njs/0/L/las-vegas-caesars-palace-lobby-L.jpg,photo
70,1,30,http://upload.wikimedia.org/wikipedia/commons/b/bd/Bellagio_caesar's_palace_2010.JPG,photo
70,1,31,http://images.oyster.com/photos/lobby-caesars-palace-hotel-casino-v220206-720.jpg,photo
64,0,17,https://volcanogeek.files.wordpress.com/2011/04/mount-vesuvius-italy_thumb.jpg,photo
64,0,18,http://i1-news.softpedia-static.com/images/news2/Mount-Vesuvius-Set-To-Erupt-Again-2.jpg,photo
64,0,19,http://upload.wikimedia.org/wikipedia/commons/0/00/Joseph_Wright_of_Derby_-_Vesuvius_from_Portici.jpg,photo
64,0,20,http://www.bible-history.com/resource/mount-vesuvius-eruption-pompeii.jpg,photo
64,0,21,http://blogs.getty.edu/iris/files/2010/04/vesuvius.jpg,photo
65,5,4,www.vid.com,video
154,4,3,www.abc.com,photo
61,1,1,http://www.acuteaday.com/blog/wp-content/uploads/2012/03/adorable-hamster-eating-strawberry.jpg,photo
61,1,6,http://www.acuteaday.com/blog/wp-content/uploads/2012/03/adorable-hamster-eating-strawberry.jpg,photo
61,1,7,http://www.acuteaday.com/blog/wp-content/uploads/2012/03/adorable-hamster-eating-strawberry.jpg,photo
61,1,8,http://www.acuteaday.com/blog/wp-content/uploads/2012/03/adorable-hamster-eating-strawberry.jpg,photo
61,1,9,http://www.acuteaday.com/blog/wp-content/uploads/2012/03/adorable-hamster-eating-strawberry.jpg,photo
832,2,2,http://www.acuteaday.com/blog/wp-content/uploads/2012/03/adorable-hamster-eating-strawberry.jpg,photo
832,2,17,http://www.acuteaday.com/blog/wp-content/uploads/2012/03/adorable-hamster-eating-strawberry.jpg,photo
832,2,23,http://www.acuteaday.com/blog/wp-content/uploads/2012/03/adorable-hamster-eating-strawberry.jpg,photo
832,2,24,http://www.acuteaday.com/blog/wp-content/uploads/2012/03/adorable-hamster-eating-strawberry.jpg,photo
832,2,25,http://www.acuteaday.com/blog/wp-content/uploads/2012/03/adorable-hamster-eating-strawberry.jpg,photo
391,3,4,http://www.acuteaday.com/blog/wp-content/uploads/2012/03/adorable-hamster-eating-strawberry.jpg,photo
391,3,13,http://www.acuteaday.com/blog/wp-content/uploads/2012/03/adorable-hamster-eating-strawberry.jpg,photo
391,3,14,http://www.acuteaday.com/blog/wp-content/uploads/2012/03/adorable-hamster-eating-strawberry.jpg,photo
391,3,15,http://www.acuteaday.com/blog/wp-content/uploads/2012/03/adorable-hamster-eating-strawberry.jpg,photo
391,3,16,http://www.acuteaday.com/blog/wp-content/uploads/2012/03/adorable-hamster-eating-strawberry.jpg,photo
414,4,18,http://www.acuteaday.com/blog/wp-content/uploads/2012/03/adorable-hamster-eating-strawberry.jpg,photo
414,4,19,http://www.acuteaday.com/blog/wp-content/uploads/2012/03/adorable-hamster-eating-strawberry.jpg,photo
414,4,20,http://www.acuteaday.com/blog/wp-content/uploads/2012/03/adorable-hamster-eating-strawberry.jpg,photo
414,4,21,http://www.acuteaday.com/blog/wp-content/uploads/2012/03/adorable-hamster-eating-strawberry.jpg,photo
414,4,22,http://www.acuteaday.com/blog/wp-content/uploads/2012/03/adorable-hamster-eating-strawberry.jpg,photo
541,5,3,http://www.acuteaday.com/blog/wp-content/uploads/2012/03/adorable-hamster-eating-strawberry.jpg,video
541,5,5,http://www.acuteaday.com/blog/wp-content/uploads/2012/03/adorable-hamster-eating-strawberry.jpg,photo
541,5,10,http://www.acuteaday.com/blog/wp-content/uploads/2012/03/adorable-hamster-eating-strawberry.jpg,photo
541,5,11,http://www.acuteaday.com/blog/wp-content/uploads/2012/03/adorable-hamster-eating-strawberry.jpg,photo
541,5,12,http://www.acuteaday.com/blog/wp-content/uploads/2012/03/adorable-hamster-eating-strawberry.jpg,photo
1001,1,8,http://www.johncarltonryan.com/Ryan%20New/2010/02/46PhillySkyline2.jpg,photo
1001,1,9,http://images.fineartamerica.com/images-medium-large-5/philly-sunset-jennifer-lyon.jpg,photo
1001,1,10,http://ohjoy.blogs.com/photos/uncategorized/2008/01/29/philly2.jpg,photo
1001,1,11,http://www.johncarltonryan.com/Ryan%20New/2010/02/46PhillySkyline2.jpg,photo
1001,1,12,http://1.bp.blogspot.com/_M3Q3489wEr4/SUkju6uatRI/AAAAAAAAAGs/Hr4qipvMTXo/S660/IMG_7457e.jpg,photo
1005,5,13,http://images5.fanpop.com/image/photos/25400000/Nymeria-Arya-s-direwolf-game-of-thrones-direwolves-25439740-643-719.jpg,photo
1005,5,15,http://store.picbg.net/pubpic/71/40/62c9cf67270f7140.jpg,photo
1005,5,14,http://image.donga.com/mlbpark/fileUpload/201306/51af205a197d7d814367.jpg,photo
1005,5,16,http://s1.static.gotsmile.net/images/2012/01/07/384629-315022395186051-161642313857394-1037030-712422927_132597259269.jpg,photo
1005,5,17,http://img0.joyreactor.com/pics/post/funny-pictures-auto-677818.jpeg,photo
1002,2,18,https://www.apple.com/retail/fifthavenue/images/fifthavenue_hero.jpg,photo
1002,2,19,http://upload.wikimedia.org/wikipedia/commons/4/47/New_york_times_square-terabass.jpg,photo
1002,2,20,http://timedotcom.files.wordpress.com/2014/03/world-trade-center.jpg,photo
1002,2,21,http://img.timeinc.net/time/photoessays/2008/new_york/ny_central_park.jpg,photo
1002,2,22,https://encrypted-tbn2.gstatic.com/images?q=tbn:ANd9GcQw4klmFN1hpl9_ExGM5VSMlF2t94-inq_cr97gUSKb1P0zm_Rd,photo
1004,4,26,http://img2.wikia.nocookie.net/__cb20120325164921/dexter/images/9/9f/400px-BloodSlideBox1.jpg,photo
1004,4,27,http://fc04.deviantart.net/fs71/i/2011/088/9/9/dexter_morgan___dark_passenger_by_dwros89-d3cqgwc.jpg,photo
1004,4,25,http://i704.photobucket.com/albums/ww43/Beta2G/vlcsnap2040519.png,photo
1004,4,23,http://www.seeing-stars.com/Dexter/DextersDock1.jpg,photo
1004,4,24,http://www.mommywantsvodka.com/wp-content/uploads/2011/09/dexter-does-dessert.jpg,photo
1003,3,3,http://www.thelandofshadow.com/wp-content/uploads/2013/08/map-of-mordor-type.jpg,photo
1003,3,4,http://longboxgraveyard.files.wordpress.com/2012/11/eye-of-sauron_0.jpg,photo
1003,3,5,http://fc02.deviantart.net/fs70/i/2013/029/0/c/the_gates_of_mordor_by_twoscoopsxd-d5t49b1.jpg,photo
1003,3,6,http://upload.wikimedia.org/wikipedia/en/8/8e/Mount_Doom.jpg,photo
1003,3,7,http://4.bp.blogspot.com/-eN3sbs3dQRU/UQLiEHYEhTI/AAAAAAAAAW4/YFo7cCQzNlk/s1600/the-lord-of-the-rings-the-return-of-the-king.jpg,photo
11002,2,6,http://upload.wikimedia.org/wikipedia/commons/5/52/New_York_Midtown_Skyline_at_night_-_Jan_2006_edit1.jpg,photo
11002,2,7,http://i.huffpost.com/gen/1843717/thumbs/o-NEW-YORK-facebook.jpg,photo
11002,2,8,http://i.huffpost.com/gen/1843717/thumbs/o-NEW-YORK-facebook.jpg,photo
11002,2,9,http://i.huffpost.com/gen/1843717/thumbs/o-NEW-YORK-facebook.jpg,photo
11002,2,10,http://i.huffpost.com/gen/1843717/thumbs/o-NEW-YORK-facebook.jpg,photo
2001,1,1,http://upload.wikimedia.org/wikipedia/commons/2/2f/Space_Needle002.jpg,photo
2001,1,2,http://www.dwt.com/files/Uploads/Images/Offices/Seattle/seattle.jpg,photo
2001,1,3,http://depts.washington.edu/biowww/images/seattle_kerry_park.png,photo
2001,1,4,http://www.strengthsinternational.com/wp-content/uploads/2013/12/seattle_night.jpg,photo
2001,1,5,http://wwwdesignspongecom.c.presscdn.com/wp-content/uploads/2008/07/seattle.jpg,photo
377,3,11,http://i.huffpost.com/gen/1843717/thumbs/o-NEW-YORK-facebook.jpg,photo
377,3,12,http://i.huffpost.com/gen/1843717/thumbs/o-NEW-YORK-facebook.jpg,photo
377,3,13,http://i.huffpost.com/gen/1843717/thumbs/o-NEW-YORK-facebook.jpg,photo
377,3,14,http://i.huffpost.com/gen/1843717/thumbs/o-NEW-YORK-facebook.jpg,photo
377,3,15,http://i.huffpost.com/gen/1843717/thumbs/o-NEW-YORK-facebook.jpg,photo
498,4,16,http://i.huffpost.com/gen/1843717/thumbs/o-NEW-YORK-facebook.jpg,photo
498,4,17,http://i.huffpost.com/gen/1843717/thumbs/o-NEW-YORK-facebook.jpg,photo
498,4,18,http://i.huffpost.com/gen/1843717/thumbs/o-NEW-YORK-facebook.jpg,photo
498,4,19,http://i.huffpost.com/gen/1843717/thumbs/o-NEW-YORK-facebook.jpg,photo
498,4,20,http://i.huffpost.com/gen/1843717/thumbs/o-NEW-YORK-facebook.jpg,photo
574,5,21,http://i.huffpost.com/gen/1843717/thumbs/o-NEW-YORK-facebook.jpg,photo
574,5,22,http://i.huffpost.com/gen/1843717/thumbs/o-NEW-YORK-facebook.jpg,photo
574,5,23,http://i.huffpost.com/gen/1843717/thumbs/o-NEW-YORK-facebook.jpg,photo
574,5,24,http://i.huffpost.com/gen/1843717/thumbs/o-NEW-YORK-facebook.jpg,photo
574,5,25,http://i.huffpost.com/gen/1843717/thumbs/o-NEW-YORK-facebook.jpg,photo
11511,1,1,http://hawaii-tourismus.com/images/wallpaper/hawaii-wallpaper-09.jpg,photo
11511,1,2,http://tourismupdates.com/wp-content/uploads/2014/05/hawaii-wallpaper-1920x1080wallpapers-hawaii-free-cool-and-for-your-or-1920x1080-et9ihujr.jpg,photo
11511,1,3,http://www.cruisebrothers.com/images/Destinations/hawaii.JPG,photo
11511,1,4,https://www.youtube.com/watch?v=TnnV2_QTYl4,video
11511,1,21,http://1.bp.blogspot.com/-o0_Td7LFhCo/UNh93wpne8I/AAAAAAAAB1U/x9tvyPEt2fw/s1600/Hawaii-beach.jpg,photo
502,4,13,http://cache.graphicslib.viator.com/graphicslib/thumbs674x446/2402/SITours/yosemite-national-park-and-giant-sequoias-trip-in-san-francisco-117263.jpg,photo
502,4,14,http://www.yosemitesouthgate.com/assets/themes/southgate/images/half-dome-yosemite.jpg,photo
502,4,15,http://images.nationalgeographic.com/wpf/media-live/photos/000/020/cache/yosemite-deep-valley_2013_600x450.jpg,photo
502,4,16,https://www.youtube.com/watch?v=39pPnaFcT1Y,video
502,4,22,http://cdn.allyosemite.com/images/content/12305_12567_Yosemite_Valley_md.jpg,photo
673,2,5,http://www.bluemagnetinteractive.com/images/stories/blog/poconos-islands-beach.jpg,photo
673,2,6,http://www.destination360.com/north-america/us/pennsylvania/poconos,photo
673,2,7,http://rentals.prr1.com/rental-pictures/LHE810/front.jpg,photo
673,2,8,https://www.youtube.com/watch?v=A-2siI4XWmo,video
673,2,23,http://pocononp.org/image017.jpg,photo
634,5,17,http://www.scenictours.co.uk/TourImages/UK_565x400_Grand%20Aus.jpg?width=150,photo
634,5,18,http://atlastravel.s3.amazonaws.com/sitehomepics/australiamainharbour.jpg,photo
634,5,19,http://www.primarktravelhouse.com/images/australia-images/australia-tourist-map.gif,photo
634,5,20,https://www.youtube.com/watch?v=QCgKd7oghLI,video
634,5,25,http://insideevs.com/wp-content/uploads/2013/05/Australia-Kangaroo.jpg,photo
2005,3,9,http://upload.wikimedia.org/wikipedia/commons/9/99/Tokyo_odaiba.jpg,photo
2005,3,10,http://media-cdn.tripadvisor.com/media/photo-s/03/9b/2e/18/tokyo.jpg,photo
2005,3,11,http://upload.wikimedia.org/wikipedia/commons/d/d4/Tokyo_by_night_2011.jpg,photo
2005,3,12,https://www.youtube.com/watch?v=ryYsq11vB5s,video
2005,3,24,http://www.hdwallpapers.in/walls/tokyo_city_in_cars_2-wide.jpg,photo
3001,1,111,http://upload.wikimedia.org/wikipedia/commons/2/2b/GoraBeluha.jpg,photo
3001,1,112,http://i.telegraph.co.uk/multimedia/archive/02625/mountain1_2625884k.jpg,photo
3001,1,113,http://upload.wikimedia.org/wikipedia/commons/2/20/Red_Slate_Mountain_1.jpg,photo
3001,1,114,http://upload.wikimedia.org/wikipedia/commons/d/d3/Tajik_mountains_edit.jpg,photo
3001,1,115,http://www.mrwallpaper.com/wallpapers/mountains-scenery.jpg,photo
3002,2,226,http://ichef.bbci.co.uk/naturelibrary/images/ic/credit/640x395/m/mo/mountain/mountain_1.jpg,photo
3002,2,227,http://channel.nationalgeographic.com/exposure/content/photo/photo/50757_mountains-of-chile_u4otpkuoohegc34cxym6cgqbe3ncurxrbvj6lwuht2ya6mzmafma_610x457.jpg,photo
3002,2,228,http://i.telegraph.co.uk/multimedia/archive/02423/london_2423609b.jpg,photo
3002,2,229,http://srinistuff.files.wordpress.com/2014/08/london_nla_londonsgrowingupc2a9cpat-hayes-davidson-jason-hawkes.jpg,photo
3002,2,230,http://libertychurchlondon.com/wp-content/uploads/2013/01/london1.jpg,photo
3003,3,511,http://cdni.wired.co.uk/1920x1280/k_n/London_5.jpg,photo
3003,3,512,http://web.fredonia.edu/iecmap/sites/default/files/images/city-of-London.jpg,photo
3003,3,513,http://cache.graphicslib.viator.com/graphicslib/thumbs674x446/2050/SITours/eiffel-tower-paris-moulin-rouge-show-and-seine-river-cruise-in-paris-150305.jpg,photo
3003,3,514,http://img4.wikia.nocookie.net/__cb20131213104910/disney/images/f/f6/Eiffel_Tower,_Paris.jpg,photo
3003,3,515,http://oproimg-mdz.open-system.fr/boutique/otparis-museumpass/pcp/arc_600_390.jpg,photo
3004,4,516,http://www.milanocard.it/wp-content/uploads/2014/03/Venezia-milano.jpg,photo
3004,4,517,http://i.telegraph.co.uk/multimedia/archive/02370/Venice-winter_2370349b.jpg,photo
3004,4,518,http://www.telegraph.co.uk/travel/destination/article129429.ece/ALTERNATES/w620/venicetravelguide5.jpg,photo
3004,4,519,http://foundtheworld.com/wp-content/uploads/2014/07/Venice-Italy-3.jpg,photo
3004,4,520,http://www.newjetsetters.com/wp-content/uploads/2013/06/Venice-at-Night.jpg,photo
3005,5,521,http://www.topvisitplaces.com/wp-content/uploads/2014/02/rialto-bridge-venice-italy.jpg,photo
3005,5,522,http://www.bmiregional.com/upload/milan.jpg,photo
3005,5,523,http://cache.graphicslib.viator.com/graphicslib/media/68/cinque-terre-day-trip-from-milan-photo_1079656-fit468x296.jpg,photo
3005,5,524,http://drupal.in-cdn.net/cdn/article/public/living_in_milan.jpg,photo
3005,5,525,http://www.castanotours.com/images/info-milan4.jpg,photo
3005,5,526,http://upload.wikimedia.org/wikipedia/commons/2/23/Hong_Kong_Skyline_Restitch_-_Dec_2007.jpg,photo
